{
  "project_info": {
    "project_number": "35815131289",
    "project_id": "nitrox-4a911",
    "storage_bucket": "nitrox-4a911.appspot.com"
  },
  "client": [
    {
      "client_info": {
        "mobilesdk_app_id": "1:35815131289:android:158da1cf2ab878426e9008",
        "android_client_info": {
          "package_name": "com.systemui.settings"
        }
      },
      "oauth_client": [
        {
          "client_id": "35815131289-h5qr6jjh1nenu3to6ihm6maru4c6222k.apps.googleusercontent.com",
          "client_type": 3
        }
      ],
      "api_key": [
        {
          "current_key": "AIzaSyD9wqDCnzLYK3YCzmPJ52sUkahAY3k9-uo"
        }
      ],
      "services": {
        "appinvite_service": {
          "other_platform_oauth_client": [
            {
              "client_id": "35815131289-h5qr6jjh1nenu3to6ihm6maru4c6222k.apps.googleusercontent.com",
              "client_type": 3
            }
          ]
        }
      }
    }
  ],
  "configuration_version": "1"
}